Cities,Cloudiness,Country,Date,Humidity,Latitude,Longitude,Max Temperature,Windspeed
atar,0,MR,1586654941,20,20.52,-13.05,27.21,3.56
jacareacanga,73,BR,1586654941,89,-6.22,-57.75,23.42,0.67
ilulissat,95,GL,1586654847,73,69.22,-51.1,-3.0,6.7
haines junction,0,CA,1586654941,60,60.75,-137.51,2.16,1.2
fairbanks,1,US,1586654851,41,64.84,-147.72,8.0,2.6
busselton,92,AU,1586654763,57,-33.65,115.33,23.33,4.12
ponta do sol,40,PT,1586654941,67,32.67,-17.1,17.0,5.7
asau,74,RO,1586654874,74,46.43,26.4,3.89,3.1
tyrma,0,RU,1586654942,45,50.08,132.17,9.34,0.66
new norfolk,75,AU,1586654942,58,-42.78,147.06,15.0,6.7
butaritari,85,KI,1586654942,74,3.07,172.79,28.89,4.62
longyearbyen,20,SJ,1586654871,69,78.22,15.64,-22.0,2.6
provideniya,100,RU,1586654942,93,64.38,-173.3,0.31,2.68
rikitea,49,PF,1586654942,73,-23.12,-134.97,25.59,2.18
ende,35,ID,1586654942,72,-8.84,121.66,27.33,1.54
bay roberts,90,CA,1586654942,74,47.6,-53.26,1.67,9.8
port lincoln,79,AU,1586654943,60,-34.73,135.87,14.55,3.76
jamestown,1,US,1586654762,48,42.1,-79.24,5.56,2.1
guerrero negro,3,MX,1586654943,61,27.98,-114.06,17.84,9.18
koumac,58,NC,1586654943,66,-20.57,164.28,26.98,3.8
mataura,93,NZ,1586654943,56,-46.19,168.86,17.2,4.49
hithadhoo,15,MV,1586654859,69,-0.6,73.08,29.06,4.12
mar del plata,68,AR,1586654837,82,-38.0,-57.56,16.67,2.1
avarua,96,CK,1586654944,89,-21.21,-159.78,29.0,2.6
snyder,1,US,1586654944,33,32.72,-100.92,25.0,4.1
thompson,90,CA,1586654944,72,55.74,-97.86,-8.0,6.7
hualmay,30,PE,1586654896,75,-11.1,-77.61,23.0,2.67
bredasdorp,100,ZA,1586654944,68,-34.53,20.04,19.0,6.2
victoria,20,HK,1586654945,52,22.29,114.16,20.56,6.2
margate,35,GB,1586654945,87,51.38,1.39,13.89,1.5
airai,97,TL,1586654789,69,-8.93,125.41,18.67,1.05
synya,73,RU,1586654945,95,65.37,58.04,-11.03,1.61
honningsvag,92,NO,1586654945,92,70.98,25.97,-0.72,4.98
punta arenas,75,CL,1586654775,81,-53.15,-70.92,6.0,4.6
fortuna,90,US,1586654946,76,40.6,-124.16,13.33,5.1
dunmore,1,US,1586654946,40,41.42,-75.63,4.44,2.34
bluff,85,NZ,1586654946,59,-46.6,168.33,16.24,5.85
gushikawa,90,JP,1586654946,77,26.35,127.87,20.0,7.2
juegang,36,CN,1586654815,69,32.32,121.19,13.33,0.45
kayerkan,75,RU,1586654946,94,69.35,87.76,1.0,15.0
tasiilaq,90,GL,1586654946,62,65.61,-37.64,-4.0,3.6
vaini,20,TO,1586654946,65,-21.2,-175.2,27.0,3.1
almansa,89,ES,1586654946,67,38.87,-1.1,12.78,1.54
isangel,20,VU,1586654946,66,-19.55,169.27,29.0,1.5
ginda,49,IN,1586654947,18,30.69,78.49,11.97,2.95
georgetown,20,MY,1586654649,79,5.41,100.34,30.0,2.6
creston,90,US,1586654947,67,41.06,-94.36,18.0,4.1
albany,1,US,1586654770,38,42.6,-73.97,6.0,4.1
winslow,1,US,1586654948,35,35.02,-110.7,14.0,9.3
alofi,98,NU,1586654861,70,-19.06,-169.92,29.0,5.7
lasa,5,IT,1586654949,80,46.62,10.7,11.11,2.6
narsaq,100,GL,1586654949,36,60.92,-46.05,8.0,17.5
hilo,40,US,1586654949,65,19.73,-155.09,28.0,1.86
klaksvik,100,FO,1586654724,80,62.23,-6.59,4.0,10.8
coihaique,99,CL,1586654949,61,-45.58,-72.07,8.0,2.1
calama,0,CL,1586654913,36,-22.47,-68.93,16.0,8.2
geraldton,40,AU,1586654950,83,-28.77,114.6,25.0,3.6
kloulklubed,75,PW,1586654950,70,7.04,134.26,31.0,4.6
mahebourg,40,MU,1586654695,78,-20.41,57.7,25.56,6.7
hobart,75,AU,1586654919,58,-42.88,147.33,15.0,6.7
kodinsk,0,RU,1586654951,89,58.69,99.18,0.12,0.24
yellowknife,20,CA,1586654785,52,62.46,-114.35,-7.22,7.2
goundam,56,ML,1586654951,15,16.41,-3.67,31.27,2.62
tecozautla,5,MX,1586654951,8,20.53,-99.63,27.0,7.7
ushuaia,40,AR,1586654760,75,-54.8,-68.3,5.0,9.3
marrakesh,40,MA,1586654779,82,31.63,-8.01,15.0,2.6
kodiak,90,US,1586654851,80,57.79,-152.41,4.0,7.7
saint-augustin,90,CA,1586654951,98,51.23,-58.65,-0.39,2.66
karratha,0,AU,1586654951,39,-20.74,116.85,29.33,6.6
oussouye,40,SN,1586654952,94,12.48,-16.55,23.0,2.1
noumea,38,NC,1586654515,45,-22.28,166.46,31.0,4.1
tuktoyaktuk,20,CA,1586654952,84,69.45,-133.04,-13.0,4.6
axim,92,GH,1586654952,84,4.87,-2.24,27.12,1.89
arraial do cabo,100,BR,1586654952,75,-22.97,-42.03,22.68,2.1
chokurdakh,100,RU,1586654952,98,70.63,147.92,-2.04,5.74
alice springs,40,AU,1586654799,12,-23.7,133.88,29.0,2.6
sukhumi,100,GE,1586654952,77,43.0,41.02,9.37,2.46
upernavik,100,GL,1586654952,88,72.79,-56.15,-6.74,0.73
norman wells,20,CA,1586654775,50,65.28,-126.83,-2.0,2.1
kemijarvi,77,FI,1586654952,94,66.71,27.43,-7.62,2.91
kuvshinovo,27,RU,1586654952,93,57.03,34.17,-1.43,2.8
cape town,75,ZA,1586654870,93,-33.93,18.42,18.33,9.3
srandakan,78,ID,1586654952,76,-7.94,110.25,26.58,1.0
compuertas,37,MX,1586654952,26,25.45,-108.35,25.92,6.65
caravelas,38,BR,1586654953,86,-17.71,-39.25,25.79,3.29
cherskiy,96,RU,1586654818,96,68.75,161.3,-7.13,6.35
castro,15,BR,1586654788,72,-24.79,-50.01,13.41,2.03
kapaa,90,US,1586654769,73,22.08,-159.32,26.0,7.7
baza,82,ES,1586654954,52,37.49,-2.77,10.0,1.79
port alfred,40,ZA,1586654954,79,-33.59,26.89,19.44,1.79
rio gallegos,75,AR,1586654847,70,-51.62,-69.22,8.0,7.7
labuhan,33,ID,1586654720,80,-6.88,112.21,26.45,1.98
tazovskiy,100,RU,1586654954,95,67.47,78.7,-9.84,5.39
batsfjord,39,NO,1586654954,92,70.63,29.72,-6.72,3.02
road town,1,VG,1586654955,74,18.42,-64.62,27.22,2.1
sorland,100,NO,1586654955,81,67.67,12.69,1.5,7.27
namibe,12,AO,1586654955,63,-15.2,12.15,25.08,1.9
kozluk,0,TR,1586654955,100,38.19,41.49,6.0,2.6
ayutla,93,MX,1586654955,17,20.12,-104.33,27.01,3.96
katsuura,75,JP,1586654955,81,35.13,140.3,14.44,5.1
kilindoni,100,TZ,1586654825,80,-7.91,39.67,27.7,6.56
kupang,75,ID,1586654956,70,-10.17,123.58,29.0,1.5
atuona,38,PF,1586654956,64,-9.8,-139.03,28.15,2.33
yulara,97,AU,1586654956,20,-25.24,130.99,29.0,2.6
dikson,100,RU,1586654808,96,73.51,80.55,-10.0,6.48
oriximina,50,BR,1586654956,84,-1.77,-55.87,25.62,0.13
celestun,18,MX,1586654956,71,20.87,-90.4,28.16,7.45
namatanai,97,PG,1586654956,72,-3.67,152.43,28.77,0.82
college,75,US,1586654879,26,64.86,-147.8,8.0,1.43
saint-philippe,51,RE,1586654779,78,-21.36,55.77,23.0,2.6
wamba,93,NG,1586654957,45,8.93,8.6,24.99,0.88
gorontalo,5,ID,1586654959,67,0.54,123.06,27.48,1.5
carnarvon,6,AU,1586654683,61,-24.87,113.63,28.0,8.2
qaanaaq,100,GL,1586654960,73,77.48,-69.36,-11.37,1.17
pochutla,72,MX,1586654960,75,15.74,-96.47,27.22,3.73
itaituba,79,BR,1586654960,94,-4.28,-55.98,24.1,0.32
kimbe,8,PG,1586654960,61,-5.55,150.14,31.63,1.04
ambilobe,0,MG,1586654932,84,-13.2,49.05,22.29,1.77
galle,6,LK,1586654960,83,6.04,80.22,25.89,1.75
cabo san lucas,40,MX,1586654676,60,22.89,-109.91,22.22,6.7
beyneu,21,KZ,1586654960,50,45.32,55.2,9.45,1.66
mechetinskaya,45,RU,1586654960,69,46.77,40.46,4.31,3.69
jhol,79,PK,1586654960,69,25.96,68.89,23.0,4.71
yining,0,CN,1586654960,69,29.04,114.56,9.63,1.05
vila franca do campo,20,PT,1586654726,76,37.72,-25.43,14.0,6.2
codrington,95,AU,1586654817,62,-38.27,141.97,13.17,4.4
mogoytuy,0,RU,1586654961,29,51.28,114.92,11.34,1.79
lerwick,100,GB,1586654961,81,60.15,-1.15,7.0,11.3
woodend,58,NZ,1586654961,40,-43.32,172.67,22.22,7.2
tiksi,59,RU,1586654961,91,71.69,128.87,-13.49,7.99
dzaoudzi,5,YT,1586654961,83,-12.79,45.27,28.0,3.6
barrow,90,US,1586654961,86,71.29,-156.79,-3.0,8.2
yumen,100,CN,1586654961,23,40.28,97.2,7.55,2.52
nome,90,US,1586654834,92,64.5,-165.41,-1.0,4.6
dukat,99,RU,1586654961,86,62.55,155.55,-10.05,0.44
siderno,20,IT,1586654962,87,38.28,16.3,15.0,1.5
saint-francois,3,FR,1586654962,81,46.42,3.91,11.11,0.5
rocha,59,UY,1586654962,83,-34.48,-54.33,14.69,2.42
severo-kurilsk,64,RU,1586654962,93,50.68,156.12,-0.71,3.31
mananara,30,MG,1586654962,83,-16.17,49.77,24.61,3.93
joppatowne,1,US,1586654962,56,39.46,-76.36,12.22,2.74
sao filipe,90,CV,1586654962,75,14.9,-24.5,23.86,4.82
tuatapere,45,NZ,1586654962,55,-46.13,167.68,18.38,3.87
gizo,85,SB,1586654963,69,-8.1,156.84,30.26,2.3
fomboni,40,KM,1586654963,76,-12.28,43.74,28.54,4.02
niamey,90,NE,1586654963,17,13.51,2.11,32.0,2.77
hermanus,100,ZA,1586654778,93,-34.42,19.23,17.22,8.05
hobyo,10,SO,1586654782,74,5.35,48.53,27.83,4.85
puerto ayora,75,EC,1586654963,74,-0.74,-90.35,28.0,5.1
necochea,92,AR,1586654963,76,-38.55,-58.74,15.56,2.68
ganzhou,2,CN,1586654963,66,28.82,115.43,10.86,2.48
maracaibo,80,VE,1586654867,70,10.63,-71.64,29.58,5.74
nouadhibou,0,MR,1586654904,72,20.93,-17.03,20.0,8.7
bathsheba,75,BB,1586654964,69,13.22,-59.52,27.0,7.2
omboue,100,GA,1586654964,91,-1.57,9.26,24.85,4.82
qaqortoq,100,GL,1586654964,36,60.72,-46.03,8.0,17.5
saint anthony,90,US,1586654964,40,45.02,-93.22,14.0,6.7
dongsheng,0,CN,1586654964,29,39.82,109.98,4.3,2.32
kattivakkam,40,IN,1586654965,88,13.22,80.32,27.22,1.0
port elizabeth,78,ZA,1586654965,52,-33.92,25.57,19.0,2.6
port blair,91,IN,1586654966,74,11.67,92.75,27.96,3.44
hirara,75,JP,1586654966,72,24.8,125.28,19.0,7.7
auki,98,SB,1586654912,72,-8.77,160.7,28.65,0.33
pevek,54,RU,1586654966,91,69.7,170.31,-12.3,6.61
coquimbo,99,CL,1586654966,87,-29.95,-71.34,15.0,2.6
vardo,39,NO,1586654966,93,70.37,31.11,-3.13,3.85
kadaya,0,RU,1586654966,31,50.93,119.29,9.66,1.05
douglas,1,US,1586654966,36,41.3,-96.17,18.33,3.1
mogadishu,2,SO,1586654967,73,2.04,45.34,28.56,4.55
mayumba,98,GA,1586654967,87,-3.43,10.66,25.8,5.34
lahij,6,YE,1586654967,66,13.17,44.58,25.1,2.51
huarmey,17,PE,1586654967,73,-10.07,-78.15,23.66,3.65
kautokeino,100,NO,1586654967,88,69.01,23.04,-8.61,3.76
pisco,75,PE,1586654967,78,-13.7,-76.22,23.33,3.6
verkhnya syrovatka,13,UA,1586654967,79,50.83,34.96,1.44,4.12
east london,83,ZA,1586654967,59,-33.02,27.91,24.06,1.22
cayenne,20,GF,1586654852,74,4.93,-52.33,27.0,2.6
izumo,75,JP,1586654939,75,35.37,132.77,8.0,6.2
gavle,100,SE,1586654967,92,60.67,17.14,4.44,1.34
ballangen,100,NO,1586654967,63,68.34,16.83,-2.0,6.2
tigil,0,RU,1586654968,90,57.8,158.67,-4.6,2.07
hasaki,75,JP,1586654968,76,35.73,140.83,13.89,5.1
bubaque,13,GW,1586654968,78,11.28,-15.83,25.76,6.82
kyren,100,RU,1586654968,55,51.68,102.14,3.22,2.11
suzhou,9,CN,1586654796,58,31.31,120.62,13.0,6.0
hamilton,20,US,1586654927,37,39.18,-84.53,14.0,3.1
idanre,95,NG,1586654968,72,7.11,5.12,23.29,1.21
azanka,27,RU,1586654968,86,58.04,64.79,1.83,2.0
sobolevo,0,RU,1586654968,83,54.43,31.9,-0.09,2.91
lannion,0,FR,1586654969,87,48.75,-3.42,12.22,1.0
marystown,84,CA,1586654969,93,47.17,-55.15,0.23,8.61
laguna,1,US,1586654969,72,38.42,-121.42,20.56,5.7
bhadrachalam,0,IN,1586654969,70,17.67,80.88,25.47,0.84
salalah,40,OM,1586654969,78,17.02,54.09,27.0,5.1
verkhnevilyuysk,100,RU,1586654969,97,63.45,120.32,-0.85,4.47
caracollo,34,PE,1586654969,14,-14.92,-70.66,6.88,1.49
zeya,5,RU,1586654969,60,53.75,127.27,6.48,1.65
sambava,10,MG,1586654970,83,-14.27,50.17,23.89,4.25
hofn,65,IS,1586654792,83,64.25,-15.21,1.38,7.93
sompeta,0,IN,1586654970,54,18.93,84.6,26.82,3.19
dongning,3,CN,1586654970,49,44.06,131.12,7.01,1.4
bayan,7,CN,1586654970,45,46.08,127.4,8.76,1.72
saldanha,100,ZA,1586654970,93,-33.01,17.94,16.0,5.7
sibu,75,MY,1586654720,78,2.3,111.82,28.0,1.0
paamiut,100,GL,1586654970,72,61.99,-49.67,4.53,5.52
hami,36,CN,1586654971,22,42.8,93.45,11.71,1.45
batagay-alyta,90,RU,1586654971,87,67.8,130.41,-3.6,1.92
nakama,75,JP,1586654972,93,33.82,130.7,10.56,4.6
mezen,4,RU,1586654972,96,65.85,44.24,-8.36,2.22
alyangula,75,AU,1586654972,70,-13.85,136.42,29.0,3.1
nyurba,99,RU,1586654972,94,63.28,118.33,-0.51,4.29
bethel,1,US,1586654973,48,41.37,-73.41,9.0,3.03
mount vernon,1,US,1586654834,27,40.91,-73.84,11.67,2.1
ballina,40,AU,1586654973,53,-28.87,153.57,23.0,7.7
marienburg,100,PL,1586654973,36,54.04,19.03,9.44,5.1
strezhevoy,100,RU,1586654974,97,60.73,77.59,3.0,3.0
makakilo city,20,US,1586654974,58,21.35,-158.09,28.0,5.7
port hedland,6,AU,1586654849,49,-20.32,118.57,32.0,4.6
oga,9,IT,1586654801,92,46.46,10.35,11.11,0.5
zhigansk,97,RU,1586654974,97,66.77,123.37,-3.04,6.74
mount isa,1,AU,1586654824,13,-20.73,139.5,29.0,5.1
ponta delgada,20,PT,1586654836,76,37.73,-25.67,14.0,6.2
kavaratti,23,IN,1586654732,69,10.57,72.64,29.0,1.88
peniche,20,PT,1586654974,87,39.36,-9.38,13.33,4.1
petropavlovsk-kamchatskiy,40,RU,1586654873,48,53.05,158.65,4.0,3.0
dalhousie,82,IN,1586654974,21,32.53,75.98,12.37,3.61
luderitz,0,NA,1586654974,87,-26.65,15.16,14.0,1.5
lagoa,0,PT,1586654975,77,39.05,-27.98,16.19,4.88
nikolskoye,1,RU,1586654975,100,59.7,30.79,-4.0,1.34
hay river,75,CA,1586654975,61,60.82,-115.8,-8.0,2.6
matay,0,EG,1586654975,55,28.42,30.78,16.39,4.72
itoman,75,JP,1586654975,77,26.12,127.67,20.0,11.3
bambous virieux,40,MU,1586654790,78,-20.34,57.76,25.56,6.7
inirida,19,CO,1586654975,86,3.87,-67.92,25.17,0.93
sovetskiy,100,RU,1586654975,91,61.36,63.58,1.32,1.95
berdigestyakh,100,RU,1586654820,86,62.1,126.7,0.64,4.55
yilan,75,TW,1586654975,87,24.76,121.75,17.78,1.5
ipameri,19,BR,1586654975,70,-17.72,-48.16,19.46,1.48
sao joao da barra,99,BR,1586654975,90,-21.64,-41.05,22.11,6.9
lorengau,44,PG,1586654805,68,-2.02,147.27,29.53,1.37
luebo,85,CD,1586654976,82,-5.35,21.42,22.69,0.78
waingapu,52,ID,1586654976,74,-9.66,120.26,26.99,1.99
ahuimanu,40,US,1586654897,61,21.44,-157.84,28.0,3.1
iqaluit,90,CA,1586654976,68,63.75,-68.51,-4.0,3.1
surgut,46,RU,1586654711,69,61.25,73.42,4.0,3.0
la primavera,78,CO,1586654862,71,5.49,-70.41,28.27,1.61
lompoc,90,US,1586654976,76,34.64,-120.46,20.0,4.6
golyshmanovo,96,RU,1586654976,78,56.4,68.37,2.49,1.76
jeremie,62,HT,1586654976,77,18.65,-74.12,26.25,1.79
cururupu,100,BR,1586654977,91,-1.83,-44.87,25.87,2.07
tessalit,0,ML,1586654977,13,20.2,1.01,26.12,1.37
krasnoarmeysk,100,RU,1586654977,86,51.02,45.7,1.11,6.71
fayaoue,39,NC,1586654977,65,-20.65,166.53,25.89,3.81
kaitangata,93,NZ,1586654977,77,-46.28,169.85,15.56,0.89
baculin,28,PH,1586654977,66,7.45,126.58,27.56,1.96
jalu,37,LY,1586654977,48,29.03,21.55,15.64,3.94
krasnorechenskiy,0,RU,1586654977,64,44.63,135.35,2.71,2.78
sangar,99,RU,1586654759,94,63.92,127.47,0.13,2.91
sola,75,VU,1586654977,74,-13.88,167.55,31.0,5.19
sorong,28,ID,1586654978,73,-0.88,131.25,29.27,0.71
campbell river,20,CA,1586654978,13,50.02,-125.24,16.0,3.1
acapulco,40,MX,1586654978,78,16.86,-99.89,27.0,4.1
arawa,82,PG,1586654978,65,-6.21,155.54,30.11,0.78
tautira,99,PF,1586654907,66,-17.73,-149.15,30.0,4.1
kasongo-lunda,85,CD,1586654979,78,-6.47,16.82,21.86,0.1
cockburn town,0,TC,1586654798,77,21.46,-71.14,26.45,6.14
nemuro,75,JP,1586654979,55,43.32,145.57,2.0,1.0
ribeira grande,0,PT,1586654980,74,38.52,-28.7,16.39,3.53
gediz,5,TR,1586654980,42,39.04,29.41,7.07,2.2
boddam,75,GB,1586654980,70,57.47,-1.78,10.56,3.6
zihuatanejo,8,MX,1586654980,58,17.63,-101.55,28.62,3.03
grand baie,40,MU,1586654980,78,-20.02,57.58,25.56,6.7
mossendjo,100,CG,1586654980,87,-2.95,12.73,21.28,1.17
carndonagh,100,IE,1586654981,88,55.25,-7.27,8.57,0.83
bereda,75,ES,1586654981,100,43.27,-7.54,12.78,1.5
kurilsk,92,RU,1586654981,93,45.23,147.88,-2.24,4.39
piedras negras,31,MX,1586654856,62,28.7,-100.52,27.82,7.44
qandala,21,SO,1586654981,65,11.47,49.87,28.17,3.25
khanpur,77,PK,1586654981,27,28.65,70.66,28.6,2.07
show low,1,US,1586654981,37,34.25,-110.03,12.78,5.7
shimoda,75,JP,1586654981,87,34.67,138.95,14.0,7.2
ancud,23,CL,1586654981,100,-41.87,-73.82,4.0,2.1
george town,20,MY,1586654981,79,5.41,100.34,30.0,2.6
yangambi,94,CD,1586654982,83,0.81,24.43,22.42,1.09
weihai,0,CN,1586654962,67,37.5,122.11,9.21,3.44
sitka,20,US,1586654983,49,57.05,-135.33,8.0,2.1
cocobeach,20,GA,1586654983,100,1.0,9.58,24.0,0.5
anito,74,PH,1586654983,69,12.45,125.29,27.62,1.77
chiredzi,58,ZW,1586654983,63,-21.05,31.67,19.08,2.05
lima,75,PE,1586654713,83,-12.04,-77.03,22.0,5.1
khatanga,72,RU,1586654984,94,71.97,102.5,-13.37,3.65
chalchihuites,89,MX,1586654984,16,23.48,-103.88,19.19,13.05
moron,26,AR,1586654984,87,-34.65,-58.62,19.0,2.1
cheney,40,US,1586654984,36,47.49,-117.58,9.44,7.2
mukdahan,40,TH,1586654984,74,16.58,104.5,28.89,1.0
esperance,100,AU,1586654985,35,-33.87,121.9,29.0,8.7
ketchikan,1,US,1586654814,29,55.34,-131.65,11.0,8.2
adrar,0,MR,1586654867,17,20.5,-10.07,26.68,4.63
san patricio,40,MX,1586654985,74,19.22,-104.7,28.0,6.56
yeppoon,90,AU,1586654907,42,-23.13,150.73,29.0,4.1
verkhoyansk,100,RU,1586654836,87,67.54,133.38,0.13,4.03
rudsar,40,IR,1586654985,93,37.14,50.29,9.0,1.0
tefe,100,BR,1586654985,97,-3.35,-64.71,23.22,2.31
cravo norte,91,CO,1586654985,62,6.3,-70.2,29.34,1.71
dhidhdhoo,44,MV,1586654890,63,6.88,73.1,29.84,2.59
pacific grove,90,US,1586654986,76,36.62,-121.92,17.78,3.1
hambantota,20,LK,1586654844,81,6.12,81.12,26.76,3.92
patawag,22,PH,1586654986,63,8.11,122.62,27.94,2.14
khorixas,14,NA,1586654986,42,-20.37,14.97,24.0,1.64
tura,0,IN,1586654987,26,25.52,90.22,21.68,1.25
olafsvik,58,IS,1586654987,84,64.89,-23.71,1.72,12.8
meridian,1,US,1586654938,22,43.61,-116.39,16.0,9.3
afsin,0,TR,1586654987,42,38.25,36.91,3.86,1.94
brae,100,GB,1586654987,81,60.4,-1.35,7.0,12.3
cayhagan,60,PH,1586654987,69,9.67,122.43,27.26,1.34
riyadh,40,SA,1586654840,27,24.69,46.72,23.0,3.1
great yarmouth,68,GB,1586654988,71,52.61,1.73,12.78,2.1
knurow,23,PL,1586654988,74,50.22,18.65,7.22,2.1
portree,99,GB,1586654988,89,57.41,-6.19,7.22,4.02
cidreira,6,BR,1586654702,69,-30.18,-50.21,18.67,2.34
akdepe,85,TM,1586654988,93,42.06,59.38,11.0,3.1
utrera,95,ES,1586654989,87,37.19,-5.78,16.11,2.1
smithers,5,CA,1586654989,21,54.78,-127.17,9.0,4.6
padang,85,ID,1586654989,74,-0.95,100.35,26.9,2.13
mwinilunga,94,ZM,1586654989,66,-11.74,24.43,16.58,1.6
cooma,33,AU,1586654990,54,-36.23,149.13,12.0,9.3
teknaf,6,BD,1586654784,79,20.86,92.31,23.4,1.55
edd,30,ER,1586654990,75,13.93,41.69,26.41,4.05
puerto baquerizo moreno,75,EC,1586654990,88,-0.9,-89.6,27.0,3.6
arshan,0,RU,1586654990,69,46.27,44.22,2.0,6.0
kununurra,84,AU,1586654991,58,-15.77,128.73,30.0,3.6
grass valley,40,US,1586654914,72,39.22,-121.06,22.0,1.61
ekangala,0,ZA,1586654991,93,-25.7,28.75,16.67,0.5
pakxan,63,LA,1586654991,68,18.38,103.66,25.87,1.83
port hardy,20,CA,1586654991,39,50.7,-127.42,13.0,5.1
itarema,100,BR,1586654991,85,-2.92,-39.92,26.23,2.27
najran,40,SA,1586654992,30,17.49,44.13,28.0,3.1
torit,90,SS,1586654992,41,4.41,32.57,26.53,0.67
kawalu,19,ID,1586654992,72,-7.38,108.21,24.0,0.56
oistins,75,BB,1586654908,69,13.07,-59.53,27.0,7.2
talnakh,75,RU,1586654992,93,69.49,88.4,1.0,15.0
houma,90,US,1586654992,73,29.6,-90.72,23.0,3.6
fuente de oro,71,CO,1586654992,79,3.46,-73.61,24.05,1.13
beloha,100,MG,1586654993,70,-25.17,45.05,22.64,4.26
mlowo,90,TZ,1586654993,62,-9.0,32.98,13.97,1.54
yantal,55,RU,1586654993,81,56.85,105.25,0.06,1.47
port-gentil,100,GA,1586654993,83,-0.72,8.78,26.2,6.59
fruitville,1,US,1586654941,65,27.33,-82.46,26.11,1.53
bonthe,60,SL,1586654993,81,7.53,-12.51,27.52,1.97
makubetsu,20,JP,1586654993,52,45.37,141.82,5.0,6.2
xining,5,CN,1586654993,22,36.62,101.77,4.02,0.95
chuguyevka,0,RU,1586654993,57,44.17,133.86,5.14,1.54
kurchum,0,KZ,1586654994,65,48.57,83.65,2.68,0.14
viana,90,BR,1586654995,78,-20.39,-40.5,25.0,2.6
jakarta,20,ID,1586654713,79,-6.21,106.85,30.0,2.33
ojinaga,1,MX,1586654995,8,29.57,-104.42,29.0,1.5
vila velha,90,BR,1586654974,78,-20.33,-40.29,25.0,2.6
pareora,100,NZ,1586654995,39,-44.49,171.21,19.44,4.47
bilibino,94,RU,1586654995,88,68.05,166.44,-10.01,1.64
stalowa wola,73,PL,1586654995,51,50.58,22.05,3.89,3.6
galeana,100,MX,1586654995,31,24.83,-100.07,22.5,2.73
bardiyah,0,LY,1586654997,83,31.76,25.09,14.34,3.57
camacha,40,PT,1586654998,67,33.08,-16.33,17.0,5.1
simplicio mendes,96,BR,1586654998,79,-7.85,-41.91,23.13,1.25
yatou,0,CN,1586654998,56,37.15,122.38,9.74,5.49
potsdam,92,DE,1586654559,56,52.4,13.07,8.89,1.5
saint george,1,US,1586654998,32,37.1,-113.58,20.0,6.2
kalmunai,4,LK,1586654998,80,7.42,81.82,27.19,2.07
aripuana,51,BR,1586654998,86,-9.17,-60.63,24.43,0.18
kashi,85,CN,1586654998,18,39.45,75.98,15.0,4.0
kwale,100,NG,1586654999,90,5.71,6.44,23.91,1.64
san andres,40,CO,1586654999,83,12.58,-81.7,28.0,5.7
nuuk,100,GL,1586654999,69,64.18,-51.72,4.0,3.1
nanortalik,100,GL,1586654780,76,60.14,-45.24,2.6,14.58
babai,0,IN,1586654999,21,22.7,77.93,26.73,0.61
santiago,75,CL,1586654999,67,-33.46,-70.65,16.0,2.6
saskylakh,12,RU,1586654999,90,71.92,114.08,-17.21,5.63
taltal,21,CL,1586654999,76,-25.4,-70.48,17.33,1.97
kaura namoda,100,NG,1586654999,17,12.59,6.58,26.88,3.73
geelong,90,AU,1586654916,62,-38.15,144.36,15.56,5.7
genhe,0,CN,1586655001,23,50.78,121.52,15.25,3.05
souillac,40,MU,1586654804,78,-20.52,57.52,25.56,6.7
ust-tsilma,91,RU,1586655001,96,65.44,52.15,-6.61,1.4
whyalla,51,AU,1586655002,63,-33.03,137.58,16.0,3.6
zhangye,80,CN,1586655002,15,38.93,100.45,13.14,0.64
marsh harbour,70,BS,1586655002,83,26.54,-77.06,22.96,9.05
shahrud,38,IR,1586655002,49,36.42,54.98,9.86,2.04
merrill,40,US,1586655003,48,45.18,-89.68,12.0,1.87
lebu,0,CL,1586655003,74,-37.62,-73.65,11.03,6.04
havre-saint-pierre,1,CA,1586655003,59,50.23,-63.6,1.0,4.1
ithaca,1,US,1586654747,74,42.44,-76.5,4.0,2.05
navahrudak,59,BY,1586655003,76,53.6,25.83,-0.18,2.89
fort walton beach,1,US,1586655003,72,30.41,-86.62,19.44,3.9
hargeysa,76,SO,1586655003,44,9.56,44.06,21.85,3.26
kandrian,46,PG,1586654875,67,-6.22,149.55,30.86,3.26
luanda,69,AO,1586654710,85,-8.84,13.23,25.97,1.32
araouane,0,ML,1586654754,13,18.9,-3.53,28.25,1.36
maibong,0,IN,1586655004,21,25.3,93.17,32.03,0.45
yaring,20,TH,1586655004,83,6.87,101.37,28.0,2.1
cassilandia,3,BR,1586655004,69,-19.11,-51.73,20.11,1.37
payo,92,ID,1586655005,65,-3.75,103.64,30.18,1.16
inongo,91,CD,1586655005,88,-1.95,18.27,22.41,1.82
datong,0,CN,1586655006,20,40.09,113.29,12.16,6.17
cap malheureux,40,MU,1586654907,78,-19.98,57.61,25.56,6.7
haapiti,99,PF,1586655006,66,-17.57,-149.87,30.0,4.1
ust-nera,100,RU,1586655006,86,64.57,143.2,-2.88,3.15
mucurapo,20,TT,1586655006,78,10.67,-61.53,26.11,2.6
faya,38,SA,1586654916,67,18.39,42.45,18.0,1.87
whitehorse,5,CA,1586654735,25,60.72,-135.05,5.0,0.4
can,15,TR,1586655007,52,40.03,27.05,7.78,0.45
sechura,100,PE,1586655007,72,-5.56,-80.82,23.96,5.49
bokoro,69,TD,1586655007,16,12.38,17.06,25.34,3.26
urusha,0,RU,1586655007,49,54.05,122.9,11.14,0.36
limbang,75,MY,1586655008,94,4.75,115.0,28.0,1.5
chicama,76,PE,1586655008,66,-7.84,-79.15,24.51,2.79
lavrentiya,96,RU,1586654804,97,65.58,-171.0,0.12,5.08
iskateley,67,RU,1586655008,96,67.68,53.15,-10.54,4.25
nishihara,75,JP,1586655009,77,26.18,127.76,20.0,11.3
san policarpo,70,PH,1586655009,65,12.18,125.51,28.01,2.01
port augusta,35,AU,1586655009,63,-32.5,137.77,16.0,3.6
bartica,100,GY,1586655009,83,6.4,-58.62,26.0,3.1
ormstown,20,CA,1586655009,44,45.13,-74.0,5.0,1.5
clyde river,40,CA,1586655009,91,70.47,-68.59,-17.0,7.2
mexico,75,PH,1586655009,70,15.06,120.72,30.0,2.1
ajdabiya,0,LY,1586655009,57,30.76,20.23,14.03,3.33
dingle,23,PH,1586655009,56,11.0,122.67,30.91,3.09
korem,100,ET,1586655009,50,12.51,39.52,12.67,0.87
ust-kulom,100,RU,1586655009,95,61.69,53.69,-4.42,2.32
henties bay,3,NA,1586655009,89,-22.12,14.28,17.22,4.61
ejea de los caballeros,90,ES,1586655009,66,42.13,-1.14,14.0,4.6
manasa,0,IN,1586655010,20,24.48,75.27,31.19,3.55
catamarca,80,AR,1586655010,84,-28.47,-65.79,11.67,0.89
sheoganj,95,IN,1586655010,19,25.15,73.07,31.38,1.22
santa maria,0,BR,1586655010,82,-29.68,-53.81,16.0,1.5
koper,2,SI,1586655010,57,45.55,13.73,13.33,2.1
wilmington,1,US,1586654887,58,34.23,-77.94,17.22,2.1
aswan,0,EG,1586655011,25,24.09,32.91,18.0,5.1
catuday,28,PH,1586655011,62,16.29,119.81,28.52,4.7
sibolga,96,ID,1586654989,77,1.74,98.78,26.12,1.47
torbay,90,CA,1586655011,74,47.67,-52.73,1.67,9.8
matagami,1,CA,1586655011,73,49.75,-77.63,-4.0,2.32
north bend,20,US,1586654735,76,43.41,-124.22,13.33,7.7
vao,31,NC,1586654921,75,-22.67,167.48,24.84,6.23
kapit,27,MY,1586655011,55,2.02,112.93,32.07,1.33
tilichiki,0,RU,1586655011,90,60.47,166.1,-7.96,2.11
west bay,20,KY,1586655012,79,19.37,-81.42,29.0,2.1
portland,20,US,1586654778,38,45.52,-122.68,16.67,4.1
moroni,100,KM,1586655012,73,-11.7,43.26,28.3,3.8
springville,75,US,1586655013,44,40.17,-111.61,14.44,5.7
macamic,75,CA,1586655013,59,48.75,-79.0,1.0,2.1
belmonte,75,BR,1586655014,94,-15.86,-38.88,25.0,1.5
belaya gora,100,RU,1586655014,98,68.53,146.42,-0.67,3.09
gusau,91,NG,1586655014,17,12.16,6.66,24.68,3.56
arlit,23,NE,1586655014,14,18.74,7.39,26.87,3.88
samarai,81,PG,1586655014,59,-10.62,150.67,28.62,3.52
yar-sale,44,RU,1586655014,91,66.83,70.83,-10.92,1.81
springbok,53,ZA,1586655014,67,-29.66,17.89,10.28,2.33
vaitape,8,PF,1586655015,73,-16.52,-151.75,28.59,5.87
carutapera,98,BR,1586655015,86,-1.2,-46.02,26.55,2.63
baie-comeau,1,CA,1586655015,31,49.22,-68.15,3.0,2.6
kavieng,95,PG,1586655015,69,-2.57,150.8,29.09,1.59
seoul,1,KR,1586654731,50,37.57,126.98,13.0,3.6
chuy,12,UY,1586654736,76,-33.7,-53.46,16.76,2.93
mantua,0,IT,1586655015,50,45.17,10.78,15.0,2.1
vanavara,0,RU,1586655016,69,60.34,102.28,3.25,2.2
sydney,20,AU,1586654957,48,-33.87,151.21,20.0,6.2
pleszew,39,PL,1586655016,64,51.9,17.79,4.44,3.64
yotsukaido,75,JP,1586655016,76,35.65,140.17,13.89,5.1
richards bay,56,ZA,1586654750,82,-28.78,32.04,21.75,6.16
turukhansk,100,RU,1586655017,96,65.82,87.98,1.94,7.03
poso,4,ID,1586655017,42,-1.4,120.75,32.27,1.52
vuktyl,100,RU,1586655018,94,63.86,57.31,-6.74,1.53
gat,1,IL,1586655018,82,31.61,34.76,13.0,1.5
abonnema,99,NG,1586655018,88,4.71,6.79,25.43,3.06
zemio,100,CF,1586655018,81,5.03,25.14,21.77,1.41
guarapari,90,BR,1586654895,78,-20.67,-40.5,25.0,2.6
comodoro rivadavia,3,AR,1586655018,47,-45.87,-67.5,12.0,7.2
hernani,75,ES,1586655018,100,43.27,-1.98,15.56,0.94
oyon,68,PE,1586655018,26,-10.67,-76.77,7.14,0.21
prince rupert,1,CA,1586654966,37,54.32,-130.32,10.0,6.7
muros,90,ES,1586655019,93,42.78,-9.06,12.78,1.5
morondava,62,MG,1586655019,78,-20.28,44.28,24.84,2.25
bongandanga,100,CD,1586655019,89,1.5,21.05,21.21,1.32
merritt island,1,US,1586655019,78,28.54,-80.67,23.89,4.1
kieta,99,PG,1586655019,74,-6.22,155.63,28.93,1.99
bengkulu,72,ID,1586654803,81,-3.8,102.27,26.31,2.45
hvolsvollur,53,IS,1586655019,81,63.75,-20.22,0.56,2.68
binzhou,0,CN,1586654903,38,37.37,118.02,12.85,5.22
menongue,41,AO,1586655021,65,-14.66,17.69,15.97,1.6
bozeman,90,US,1586655021,92,45.68,-111.04,-1.67,3.1
leningradskiy,85,RU,1586655022,91,69.38,178.42,-7.62,1.95
hefei,0,CN,1586655022,62,31.86,117.28,15.0,8.0
asosa,98,ET,1586655022,54,10.07,34.53,19.37,1.01
bilma,97,NE,1586655022,17,18.69,12.92,24.1,2.79
mizdah,3,LY,1586655022,45,31.45,12.98,11.5,3.44
bowral,0,AU,1586655022,32,-34.47,150.42,19.0,2.6
pandan,22,PH,1586655022,73,14.05,124.17,27.62,0.77
tupiza,0,BO,1586655022,17,-21.45,-65.72,12.79,0.6
altay,17,CN,1586655023,34,47.87,88.12,9.94,0.86
mae sai,100,TH,1586655023,78,20.43,99.88,26.11,2.6
torres,21,BR,1586654772,73,-29.34,-49.73,17.68,0.95
borovskoy,99,KZ,1586655023,77,53.8,64.15,4.9,4.25
canora,90,CA,1586655023,62,51.63,-102.43,-6.0,7.7
maniitsoq,100,GL,1586655024,82,65.42,-52.9,3.9,7.39
oliveira dos brejinhos,100,BR,1586655024,77,-12.32,-42.9,21.79,0.68
carman,75,CA,1586654978,72,49.5,-98.0,0.0,5.1
banda aceh,14,ID,1586654934,79,5.56,95.32,26.75,1.02
beringovskiy,98,RU,1586655022,94,63.05,179.32,-9.62,4.61
uray,78,RU,1586655024,84,60.12,64.78,3.5,2.44
touros,20,BR,1586654887,88,-5.2,-35.46,26.0,1.5
chapais,90,CA,1586654876,68,49.78,-74.85,-2.0,3.6
siocon,0,PH,1586655025,65,7.71,122.14,28.17,3.4
silale,82,LT,1586655025,71,55.49,22.18,3.2,4.32
tiznit,96,MA,1586655025,71,29.58,-9.5,14.26,2.02
coffs harbour,0,AU,1586655025,40,-30.3,153.13,21.0,6.7
seybaplaya,0,MX,1586655025,60,19.65,-90.67,27.53,3.84
kingston,20,JM,1586655025,74,18.0,-76.79,29.0,4.1
mufulira,54,ZM,1586655025,67,-12.55,28.24,14.64,1.61
clermont,48,FR,1586655026,87,49.5,2.42,15.0,2.1
mercaderes,100,CO,1586655026,63,1.8,-77.17,20.0,0.65
washougal,20,US,1586654888,38,45.58,-122.35,16.67,4.1
rabak,69,SD,1586655026,14,13.18,32.74,25.65,5.77
talcahuano,0,CL,1586655026,62,-36.72,-73.12,13.0,4.1
nioro,2,GM,1586655027,70,13.35,-15.75,21.44,2.75
pangnirtung,100,CA,1586655027,88,66.15,-65.71,-3.71,3.65
uusikaupunki,100,FI,1586655027,74,60.8,21.41,2.0,4.6
touba,36,CI,1586655027,71,8.28,-7.68,23.51,1.78
olinda,20,BR,1586655027,70,-8.01,-34.86,29.0,2.6
rodrigues alves,100,BR,1586655027,91,-7.74,-72.65,23.35,0.59
pirapora,0,BR,1586655028,80,-17.34,-44.94,21.25,0.54
makokou,100,GA,1586655028,84,0.57,12.86,19.99,1.24
beira,20,MZ,1586655004,88,-19.84,34.84,21.0,2.1
khalkhal,96,IR,1586655029,46,37.62,48.53,1.89,1.32
taoudenni,0,ML,1586655029,15,22.68,-3.98,27.25,2.73
luwero,78,UG,1586655029,66,0.85,32.47,18.6,1.18
kahului,1,US,1586654807,58,20.89,-156.47,28.0,6.7
husavik,90,IS,1586655029,93,66.04,-17.34,0.0,10.8
visnes,100,NO,1586655029,93,59.36,5.22,7.0,5.7
turka,32,UA,1586655029,44,49.15,23.03,3.33,1.3
pitkyaranta,0,RU,1586655029,93,61.57,31.48,-0.69,1.86
straumen,100,NO,1586655030,86,63.87,11.3,5.0,3.6
poum,67,NC,1586654790,72,-20.23,164.02,26.45,5.54
praia da vitoria,40,PT,1586654852,82,38.73,-27.07,16.0,4.99
cermik,0,TR,1586655030,64,38.14,39.45,4.0,2.6
faanui,8,PF,1586655031,73,-16.48,-151.75,28.12,5.9
coruripe,64,BR,1586655031,82,-10.13,-36.18,26.52,4.52
patur,1,IN,1586655031,15,20.45,76.93,32.61,1.4
colesberg,2,ZA,1586655031,41,-30.72,25.1,16.59,8.4
santa vitoria do palmar,0,BR,1586655031,78,-33.52,-53.37,16.19,2.85
dunedin,100,NZ,1586654809,81,-45.87,170.5,14.44,5.83
rockland,1,US,1586655032,36,41.17,-74.05,12.0,2.6
storsteinnes,100,NO,1586655032,92,69.24,19.23,-1.0,7.2
mahon,39,ES,1586654894,87,39.89,4.27,13.0,3.6
oranjestad,20,AW,1586655032,78,12.52,-70.03,27.0,10.8
murygino,100,RU,1586655032,96,58.74,49.46,-1.26,5.12
bauta,20,CU,1586655033,74,22.98,-82.55,27.0,2.6
semey,37,KZ,1586655033,55,50.41,80.23,0.0,2.79
sabang,55,ID,1586655033,71,5.89,95.32,29.55,4.21
nichinan,75,JP,1586655033,93,31.6,131.37,13.0,2.6
te anau,80,NZ,1586655033,75,-45.42,167.72,13.55,1.66
dudinka,75,RU,1586655033,94,69.41,86.18,1.0,15.0
nizhniy tsasuchey,0,RU,1586655034,20,50.52,115.13,17.44,1.83
ayan,86,RU,1586655034,81,56.45,138.17,1.96,0.77
huanren,0,CN,1586655034,33,41.26,125.37,12.62,4.9
mpanda,100,TZ,1586655034,71,-6.37,31.04,17.16,0.28
nouakchott,0,MR,1586655034,46,18.09,-15.98,23.83,5.97
lazaro cardenas,39,MX,1586655000,64,17.96,-102.2,27.95,2.57
port macquarie,0,AU,1586655028,37,-31.43,152.92,22.22,3.6
beipiao,0,CN,1586655034,26,41.79,120.78,15.68,7.48
paso de los toros,1,UY,1586655035,79,-32.82,-56.52,14.28,2.26
east wenatchee bench,75,US,1586655035,12,47.43,-120.28,13.89,10.3
lac du bonnet,100,CA,1586654765,58,50.25,-96.06,-0.56,4.02
avera,1,US,1586655035,58,33.19,-82.53,15.0,2.05
